﻿<?xml version="1.0" encoding="utf-8"?>
<doc>
  <assembly>
    <name>Entia.Core</name>
  </assembly>
  <members>
    <member name="T:Entia.Core.Documentation.ThreadSafeAttribute">
      <summary>
            Indicates that the target of the attribute is thread-safe.
            <para />
            -&gt; In the case of a type, it indicates that all its <c>public</c> members (static and instance) are thread-safe.
            <para />
            -&gt; In the case of a property or event, it indicates that all its <c>public</c> accessors are thread-safe.
            </summary>
    </member>
    <member>
      <summary>Returns an enumerator that iterates through the collection.</summary>
      <returns>An enumerator that can be used to iterate through the collection.</returns>
    </member>
    <member>
      <summary>Gets the element in the collection at the current position of the enumerator.</summary>
      <returns>The element in the collection at the current position of the enumerator.</returns>
    </member>
    <member>
      <summary>Advances the enumerator to the next element of the collection.</summary>
      <returns>
        <see langword="true" /> if the enumerator was successfully advanced to the next element; <see langword="false" /> if the enumerator has passed the end of the collection.</returns>
      <exception cref="T:System.InvalidOperationException">The collection was modified after the enumerator was created. </exception>
    </member>
    <member>
      <summary>Performs application-defined tasks associated with freeing, releasing, or resetting unmanaged resources.</summary>
    </member>
    <member>
      <summary>Sets the enumerator to its initial position, which is before the first element in the collection.</summary>
      <exception cref="T:System.InvalidOperationException">The collection was modified after the enumerator was created. </exception>
    </member>
    <member>
      <summary>Returns an enumerator that iterates through the collection.</summary>
      <returns>An enumerator that can be used to iterate through the collection.</returns>
    </member>
    <member>
      <summary>Gets the element in the collection at the current position of the enumerator.</summary>
      <returns>The element in the collection at the current position of the enumerator.</returns>
    </member>
    <member>
      <summary>Advances the enumerator to the next element of the collection.</summary>
      <returns>
        <see langword="true" /> if the enumerator was successfully advanced to the next element; <see langword="false" /> if the enumerator has passed the end of the collection.</returns>
      <exception cref="T:System.InvalidOperationException">The collection was modified after the enumerator was created. </exception>
    </member>
    <member>
      <summary>Performs application-defined tasks associated with freeing, releasing, or resetting unmanaged resources.</summary>
    </member>
    <member>
      <summary>Sets the enumerator to its initial position, which is before the first element in the collection.</summary>
      <exception cref="T:System.InvalidOperationException">The collection was modified after the enumerator was created. </exception>
    </member>
    <member>
      <summary>Returns an enumerator that iterates through the collection.</summary>
      <returns>An enumerator that can be used to iterate through the collection.</returns>
    </member>
    <member>
      <summary>Gets the element in the collection at the current position of the enumerator.</summary>
      <returns>The element in the collection at the current position of the enumerator.</returns>
    </member>
    <member>
      <summary>Advances the enumerator to the next element of the collection.</summary>
      <returns>
        <see langword="true" /> if the enumerator was successfully advanced to the next element; <see langword="false" /> if the enumerator has passed the end of the collection.</returns>
      <exception cref="T:System.InvalidOperationException">The collection was modified after the enumerator was created. </exception>
    </member>
    <member>
      <summary>Sets the enumerator to its initial position, which is before the first element in the collection.</summary>
      <exception cref="T:System.InvalidOperationException">The collection was modified after the enumerator was created. </exception>
    </member>
    <member>
      <summary>Performs application-defined tasks associated with freeing, releasing, or resetting unmanaged resources.</summary>
    </member>
    <member>
      <summary>Gets the element in the collection at the current position of the enumerator.</summary>
      <returns>The element in the collection at the current position of the enumerator.</returns>
    </member>
    <member>
      <summary>Advances the enumerator to the next element of the collection.</summary>
      <returns>
        <see langword="true" /> if the enumerator was successfully advanced to the next element; <see langword="false" /> if the enumerator has passed the end of the collection.</returns>
      <exception cref="T:System.InvalidOperationException">The collection was modified after the enumerator was created. </exception>
    </member>
    <member>
      <summary>Sets the enumerator to its initial position, which is before the first element in the collection.</summary>
      <exception cref="T:System.InvalidOperationException">The collection was modified after the enumerator was created. </exception>
    </member>
    <member>
      <summary>Performs application-defined tasks associated with freeing, releasing, or resetting unmanaged resources.</summary>
    </member>
    <member>
      <summary>Returns an enumerator that iterates through the collection.</summary>
      <returns>An enumerator that can be used to iterate through the collection.</returns>
    </member>
    <member>
      <summary>Gets the element in the collection at the current position of the enumerator.</summary>
      <returns>The element in the collection at the current position of the enumerator.</returns>
    </member>
    <member>
      <summary>Advances the enumerator to the next element of the collection.</summary>
      <returns>
        <see langword="true" /> if the enumerator was successfully advanced to the next element; <see langword="false" /> if the enumerator has passed the end of the collection.</returns>
      <exception cref="T:System.InvalidOperationException">The collection was modified after the enumerator was created. </exception>
    </member>
    <member>
      <summary>Sets the enumerator to its initial position, which is before the first element in the collection.</summary>
      <exception cref="T:System.InvalidOperationException">The collection was modified after the enumerator was created. </exception>
    </member>
    <member>
      <summary>Performs application-defined tasks associated with freeing, releasing, or resetting unmanaged resources.</summary>
    </member>
    <member>
      <summary>Returns an enumerator that iterates through the collection.</summary>
      <returns>An enumerator that can be used to iterate through the collection.</returns>
    </member>
    <member>
      <summary>Returns an enumerator that iterates through the collection.</summary>
      <returns>An enumerator that can be used to iterate through the collection.</returns>
    </member>
    <member>
      <summary>Performs application-defined tasks associated with freeing, releasing, or resetting unmanaged resources.</summary>
    </member>
    <member>
      <summary>Performs application-defined tasks associated with freeing, releasing, or resetting unmanaged resources.</summary>
    </member>
    <member>
      <summary>Performs application-defined tasks associated with freeing, releasing, or resetting unmanaged resources.</summary>
    </member>
    <member>
      <summary>Performs application-defined tasks associated with freeing, releasing, or resetting unmanaged resources.</summary>
    </member>
    <member>
      <summary>Returns an enumerator that iterates through the collection.</summary>
      <returns>An enumerator that can be used to iterate through the collection.</returns>
    </member>
  </members>
</doc>